{
  "mercury": {
    "position_3d_km": [
      13100244.314977271,
      -58561102.855346605,
      -32641214.34548601
    ],
    "position_2d_km": [
      13100244.314977271,
      -58561102.855346605
    ],
    "mass_kg": 3.3011e+23
  },
  "venus": {
    "position_3d_km": [
      -99836039.62506108,
      33739824.52608242,
      21498205.682740938
    ],
    "position_2d_km": [
      -99836039.62506108,
      33739824.52608242
    ],
    "mass_kg": 4.8675e+24
  },
  "earth": {
    "position_3d_km": [
      134482531.29160127,
      58902125.477443516,
      25532241.44693322
    ],
    "position_2d_km": [
      134482531.29160127,
      58902125.477443516
    ],
    "mass_kg": 5.9724e+24
  },
  "mars": {
    "position_3d_km": [
      -105215468.12088901,
      -184208520.98707217,
      -81654129.1249138
    ],
    "position_2d_km": [
      -105215468.12088901,
      -184208520.98707217
    ],
    "mass_kg": 6.4171e+23
  },
  "jupiter": {
    "position_3d_km": [
      -172083921.92249036,
      693633908.7030507,
      301499189.5695602
    ],
    "position_2d_km": [
      -172083921.92249036,
      693633908.7030507
    ],
    "mass_kg": 1.8982e+27
  },
  "saturn": {
    "position_3d_km": [
      1426070342.6659899,
      1267059.4418137744,
      -60884206.095828705
    ],
    "position_2d_km": [
      1426070342.6659899,
      1267059.4418137744
    ],
    "mass_kg": 5.6834e+26
  },
  "uranus": {
    "position_3d_km": [
      1515837320.6958697,
      2291354051.5547595,
      982091837.1437781
    ],
    "position_2d_km": [
      1515837320.6958697,
      2291354051.5547595
    ],
    "mass_kg": 8.681e+25
  },
  "neptune": {
    "position_3d_km": [
      4469576168.19798,
      80479647.32214136,
      -78327105.64594454
    ],
    "position_2d_km": [
      4469576168.19798,
      80479647.32214136
    ],
    "mass_kg": 1.02413e+26
  },
  "pluto": {
    "position_3d_km": [
      2846362229.946827,
      -3941933390.4843163,
      -2087524971.81926
    ],
    "position_2d_km": [
      2846362229.946827,
      -3941933390.4843163
    ],
    "mass_kg": 1.303e+22
  }
}